"","Expert","Parameter","Scenario","Site","Min","Best","Max","Conf","Round"
"1","GuamX","Sali Adult Survival","Scenario 1a","HMU",0.55,0.77,0.85,0.9,"Round 2"
"2","GuamX","Sali Adult Survival","Scenario 1b","HMU",0.45,0.66,0.75,0.9,"Round 2"
"3","GuamX","Sali Adult Survival","Scenario 1c","HMU",0.45,0.71,0.8,0.9,"Round 2"
"4","GuamX","Sali Adult Survival","Scenario 2a","HMU",0.55,0.75,0.85,0.9,"Round 2"
"5","GuamX","Sali Adult Survival","Scenario 2b","HMU",0.45,0.63,0.75,0.9,"Round 2"
"6","GuamX","Sali Adult Survival","Scenario 2c","HMU",0.45,0.71,0.8,0.9,"Round 2"
"7","GuamX","Sali Adult Survival","Scenario 3","HMU",0.55,0.73,0.85,0.9,"Round 2"
"8","GuamX","Sali Adult Survival","Scenario 1a","Refuge",0.55,0.77,0.85,0.9,"Round 2"
"9","GuamX","Sali Adult Survival","Scenario 1b","Refuge",0.45,0.66,0.75,0.9,"Round 2"
"10","GuamX","Sali Adult Survival","Scenario 1c","Refuge",0.45,0.71,0.8,0.9,"Round 2"
"11","GuamX","Sali Adult Survival","Scenario 2a","Refuge",0.55,0.75,0.85,0.9,"Round 2"
"12","GuamX","Sali Adult Survival","Scenario 2b","Refuge",0.45,0.63,0.75,0.9,"Round 2"
"13","GuamX","Sali Adult Survival","Scenario 2c","Refuge",0.45,0.71,0.8,0.9,"Round 2"
"14","GuamX","Sali Adult Survival","Scenario 3","Refuge",0.55,0.73,0.85,0.9,"Round 2"
"15","Expert 1","Sali Adult Survival","Scenario 1a","HMU",0.2,0.6,0.75,0.8,"Round 2"
"16","Expert 1","Sali Adult Survival","Scenario 1b","HMU",0.05,0.35,0.55,0.8,"Round 2"
"17","Expert 1","Sali Adult Survival","Scenario 1c","HMU",0.1,0.5,0.65,0.8,"Round 2"
"18","Expert 1","Sali Adult Survival","Scenario 2a","HMU",0.15,0.55,0.65,0.8,"Round 2"
"19","Expert 1","Sali Adult Survival","Scenario 2b","HMU",0.1,0.3,0.55,0.8,"Round 2"
"20","Expert 1","Sali Adult Survival","Scenario 2c","HMU",0.1,0.45,0.6,0.8,"Round 2"
"21","Expert 1","Sali Adult Survival","Scenario 3","HMU",0.1,0.6,0.7,0.8,"Round 2"
"22","Expert 1","Sali Adult Survival","Scenario 1a","Refuge",0.4,0.7,0.85,0.9,"Round 2"
"23","Expert 1","Sali Adult Survival","Scenario 1b","Refuge",0.2,0.4,0.65,0.7,"Round 2"
"24","Expert 1","Sali Adult Survival","Scenario 1c","Refuge",0.2,0.55,0.7,0.8,"Round 2"
"25","Expert 1","Sali Adult Survival","Scenario 2a","Refuge",0.2,0.6,0.75,0.8,"Round 2"
"26","Expert 1","Sali Adult Survival","Scenario 2b","Refuge",0.2,0.35,0.6,0.8,"Round 2"
"27","Expert 1","Sali Adult Survival","Scenario 2c","Refuge",0.2,0.5,0.65,0.8,"Round 2"
"28","Expert 1","Sali Adult Survival","Scenario 3","Refuge",0.4,0.7,0.8,0.85,"Round 2"
"29","aircon","Sali Adult Survival","Scenario 1a","HMU",0.65,0.75,0.85,0.8,"Round 2"
"30","aircon","Sali Adult Survival","Scenario 1b","HMU",0.35,0.55,0.65,0.7,"Round 2"
"31","aircon","Sali Adult Survival","Scenario 1c","HMU",0.55,0.65,0.8,0.8,"Round 2"
"32","aircon","Sali Adult Survival","Scenario 2a","HMU",0.6,0.7,0.8,0.75,"Round 2"
"33","aircon","Sali Adult Survival","Scenario 2b","HMU",0.3,0.5,0.6,0.65,"Round 2"
"34","aircon","Sali Adult Survival","Scenario 2c","HMU",0.5,0.6,0.75,0.75,"Round 2"
"35","aircon","Sali Adult Survival","Scenario 3","HMU",0.65,0.75,0.85,0.8,"Round 2"
"36","aircon","Sali Adult Survival","Scenario 1a","Refuge",0.7,0.8,0.9,0.8,"Round 2"
"37","aircon","Sali Adult Survival","Scenario 1b","Refuge",0.4,0.6,0.7,0.7,"Round 2"
"38","aircon","Sali Adult Survival","Scenario 1c","Refuge",0.6,0.7,0.85,0.8,"Round 2"
"39","aircon","Sali Adult Survival","Scenario 2a","Refuge",0.65,0.75,0.85,0.75,"Round 2"
"40","aircon","Sali Adult Survival","Scenario 2b","Refuge",0.35,0.55,0.65,0.65,"Round 2"
"41","aircon","Sali Adult Survival","Scenario 2c","Refuge",0.55,0.65,0.8,0.75,"Round 2"
"42","aircon","Sali Adult Survival","Scenario 3","Refuge",0.7,0.8,0.9,0.8,"Round 2"
"43","CDEDBDiis","Sali Adult Survival","Scenario 1a","HMU",0.7,0.85,0.92,0.9,"Round 2"
"44","CDEDBDiis","Sali Adult Survival","Scenario 1b","HMU",0.5,0.65,0.75,0.9,"Round 2"
"45","CDEDBDiis","Sali Adult Survival","Scenario 1c","HMU",0.55,0.7,0.8,0.9,"Round 2"
"46","CDEDBDiis","Sali Adult Survival","Scenario 2a","HMU",0.65,0.75,0.88,0.9,"Round 2"
"47","CDEDBDiis","Sali Adult Survival","Scenario 2b","HMU",0.5,0.57,0.7,0.9,"Round 2"
"48","CDEDBDiis","Sali Adult Survival","Scenario 2c","HMU",0.5,0.62,0.75,0.9,"Round 2"
"49","CDEDBDiis","Sali Adult Survival","Scenario 3","HMU",0.7,0.8,0.9,0.85,"Round 2"
"50","CDEDBDiis","Sali Adult Survival","Scenario 1a","Refuge",0.7,0.85,0.92,0.9,"Round 2"
"51","CDEDBDiis","Sali Adult Survival","Scenario 1b","Refuge",0.5,0.65,0.75,0.9,"Round 2"
"52","CDEDBDiis","Sali Adult Survival","Scenario 1c","Refuge",0.55,0.7,0.8,0.9,"Round 2"
"53","CDEDBDiis","Sali Adult Survival","Scenario 2a","Refuge",0.65,0.75,0.88,0.9,"Round 2"
"54","CDEDBDiis","Sali Adult Survival","Scenario 2b","Refuge",0.5,0.57,0.7,0.9,"Round 2"
"55","CDEDBDiis","Sali Adult Survival","Scenario 2c","Refuge",0.5,0.62,0.75,0.9,"Round 2"
"56","CDEDBDiis","Sali Adult Survival","Scenario 3","Refuge",0.7,0.8,0.9,0.9,"Round 2"
"57","96929","Sali Adult Survival","Scenario 1a","HMU",0.6,0.74,0.85,0.9,"Round 2"
"58","96929","Sali Adult Survival","Scenario 1b","HMU",0.5,0.6068,0.8,0.9,"Round 2"
"59","96929","Sali Adult Survival","Scenario 1c","HMU",0.53,0.666,0.83,0.9,"Round 2"
"60","96929","Sali Adult Survival","Scenario 2a","HMU",0.55,0.7104,0.85,0.9,"Round 2"
"61","96929","Sali Adult Survival","Scenario 2b","HMU",0.5,0.592,0.8,0.9,"Round 2"
"62","96929","Sali Adult Survival","Scenario 2c","HMU",0.53,0.6512,0.83,0.9,"Round 2"
"63","96929","Sali Adult Survival","Scenario 3","HMU",0.6,0.74,0.85,0.9,"Round 2"
"64","96929","Sali Adult Survival","Scenario 1a","Refuge",0.58,0.8,0.88,0.9,"Round 2"
"65","96929","Sali Adult Survival","Scenario 1b","Refuge",0.52,0.7,0.82,0.9,"Round 2"
"66","96929","Sali Adult Survival","Scenario 1c","Refuge",0.55,0.75,0.85,0.9,"Round 2"
"67","96929","Sali Adult Survival","Scenario 2a","Refuge",0.58,0.78,0.88,0.9,"Round 2"
"68","96929","Sali Adult Survival","Scenario 2b","Refuge",0.52,0.7,0.82,0.9,"Round 2"
"69","96929","Sali Adult Survival","Scenario 2c","Refuge",0.55,0.75,0.85,0.9,"Round 2"
"70","96929","Sali Adult Survival","Scenario 3","Refuge",0.58,0.78,0.88,0.9,"Round 2"
"71","GuamX","Sali Juvenile Survival","Scenario 1a","HMU",0.39,0.67,0.7,0.9,"Round 2"
"72","GuamX","Sali Juvenile Survival","Scenario 1b","HMU",0.25,0.49,0.55,0.9,"Round 2"
"73","GuamX","Sali Juvenile Survival","Scenario 1c","HMU",0.3,0.55,0.65,0.9,"Round 2"
"74","GuamX","Sali Juvenile Survival","Scenario 2a","HMU",0.39,0.65,0.7,0.9,"Round 2"
"75","GuamX","Sali Juvenile Survival","Scenario 2b","HMU",0.25,0.49,0.5,0.9,"Round 2"
"76","GuamX","Sali Juvenile Survival","Scenario 2c","HMU",0.3,0.53,0.55,0.9,"Round 2"
"77","GuamX","Sali Juvenile Survival","Scenario 3","HMU",0.39,0.63,0.7,0.9,"Round 2"
"78","GuamX","Sali Juvenile Survival","Scenario 1a","Refuge",0.39,0.65,0.7,0.9,"Round 2"
"79","GuamX","Sali Juvenile Survival","Scenario 1b","Refuge",0.25,0.49,0.55,0.9,"Round 2"
"80","GuamX","Sali Juvenile Survival","Scenario 1c","Refuge",0.3,0.5,0.65,0.9,"Round 2"
"81","GuamX","Sali Juvenile Survival","Scenario 2a","Refuge",0.39,0.67,0.7,0.9,"Round 2"
"82","GuamX","Sali Juvenile Survival","Scenario 2b","Refuge",0.25,0.49,0.5,0.9,"Round 2"
"83","GuamX","Sali Juvenile Survival","Scenario 2c","Refuge",0.3,0.53,0.55,0.9,"Round 2"
"84","GuamX","Sali Juvenile Survival","Scenario 3","Refuge",0.39,0.65,0.7,0.9,"Round 2"
"85","Expert 1","Sali Juvenile Survival","Scenario 1a","HMU",0,0.35,0.5,0.8,"Round 2"
"86","Expert 1","Sali Juvenile Survival","Scenario 1b","HMU",0,0.15,0.3,0.8,"Round 2"
"87","Expert 1","Sali Juvenile Survival","Scenario 1c","HMU",0,0.18,0.35,0.8,"Round 2"
"88","Expert 1","Sali Juvenile Survival","Scenario 2a","HMU",0,0.25,0.4,0.8,"Round 2"
"89","Expert 1","Sali Juvenile Survival","Scenario 2b","HMU",0,0.12,0.25,0.8,"Round 2"
"90","Expert 1","Sali Juvenile Survival","Scenario 2c","HMU",0,0.13,0.28,0.8,"Round 2"
"91","Expert 1","Sali Juvenile Survival","Scenario 3","HMU",0,0.25,0.4,0.8,"Round 2"
"92","Expert 1","Sali Juvenile Survival","Scenario 1a","Refuge",0.35,0.5,0.65,0.8,"Round 2"
"93","Expert 1","Sali Juvenile Survival","Scenario 1b","Refuge",0.1,0.3,0.5,0.8,"Round 2"
"94","Expert 1","Sali Juvenile Survival","Scenario 1c","Refuge",0.15,0.4,0.55,0.8,"Round 2"
"95","Expert 1","Sali Juvenile Survival","Scenario 2a","Refuge",0.25,0.45,0.6,0.8,"Round 2"
"96","Expert 1","Sali Juvenile Survival","Scenario 2b","Refuge",0.2,0.3,0.4,0.8,"Round 2"
"97","Expert 1","Sali Juvenile Survival","Scenario 2c","Refuge",0.25,0.35,0.5,0.8,"Round 2"
"98","Expert 1","Sali Juvenile Survival","Scenario 3","Refuge",0.35,0.5,0.65,0.8,"Round 2"
"99","aircon","Sali Juvenile Survival","Scenario 1a","HMU",0.5,0.6,0.7,0.75,"Round 2"
"100","aircon","Sali Juvenile Survival","Scenario 1b","HMU",0.2,0.4,0.5,0.8,"Round 2"
"101","aircon","Sali Juvenile Survival","Scenario 1c","HMU",0.4,0.5,0.6,0.7,"Round 2"
"102","aircon","Sali Juvenile Survival","Scenario 2a","HMU",0.4,0.5,0.6,0.7,"Round 2"
"103","aircon","Sali Juvenile Survival","Scenario 2b","HMU",0.1,0.3,0.4,0.8,"Round 2"
"104","aircon","Sali Juvenile Survival","Scenario 2c","HMU",0.3,0.4,0.5,0.7,"Round 2"
"105","aircon","Sali Juvenile Survival","Scenario 3","HMU",0.5,0.6,0.7,0.75,"Round 2"
"106","aircon","Sali Juvenile Survival","Scenario 1a","Refuge",0.6,0.7,0.8,0.75,"Round 2"
"107","aircon","Sali Juvenile Survival","Scenario 1b","Refuge",0.3,0.5,0.6,0.8,"Round 2"
"108","aircon","Sali Juvenile Survival","Scenario 1c","Refuge",0.5,0.6,0.7,0.7,"Round 2"
"109","aircon","Sali Juvenile Survival","Scenario 2a","Refuge",0.5,0.6,0.7,0.7,"Round 2"
"110","aircon","Sali Juvenile Survival","Scenario 2b","Refuge",0.2,0.4,0.5,0.8,"Round 2"
"111","aircon","Sali Juvenile Survival","Scenario 2c","Refuge",0.4,0.5,0.6,0.7,"Round 2"
"112","aircon","Sali Juvenile Survival","Scenario 3","Refuge",0.6,0.7,0.8,0.75,"Round 2"
"113","CDEDBDiis","Sali Juvenile Survival","Scenario 1a","HMU",0.58,0.65,0.73,0.9,"Round 2"
"114","CDEDBDiis","Sali Juvenile Survival","Scenario 1b","HMU",0.45,0.5,0.6,0.9,"Round 2"
"115","CDEDBDiis","Sali Juvenile Survival","Scenario 1c","HMU",0.5,0.57,0.65,0.9,"Round 2"
"116","CDEDBDiis","Sali Juvenile Survival","Scenario 2a","HMU",0.5,0.61,0.68,0.9,"Round 2"
"117","CDEDBDiis","Sali Juvenile Survival","Scenario 2b","HMU",0.35,0.43,0.55,0.9,"Round 2"
"118","CDEDBDiis","Sali Juvenile Survival","Scenario 2c","HMU",0.4,0.45,0.6,0.9,"Round 2"
"119","CDEDBDiis","Sali Juvenile Survival","Scenario 3","HMU",0.55,0.63,0.7,0.9,"Round 2"
"120","CDEDBDiis","Sali Juvenile Survival","Scenario 1a","Refuge",0.58,0.65,0.73,0.9,"Round 2"
"121","CDEDBDiis","Sali Juvenile Survival","Scenario 1b","Refuge",0.45,0.5,0.6,0.9,"Round 2"
"122","CDEDBDiis","Sali Juvenile Survival","Scenario 1c","Refuge",0.5,0.57,0.65,0.9,"Round 2"
"123","CDEDBDiis","Sali Juvenile Survival","Scenario 2a","Refuge",0.5,0.61,0.68,0.9,"Round 2"
"124","CDEDBDiis","Sali Juvenile Survival","Scenario 2b","Refuge",0.35,0.43,0.55,0.9,"Round 2"
"125","CDEDBDiis","Sali Juvenile Survival","Scenario 2c","Refuge",0.4,0.45,0.6,0.9,"Round 2"
"126","CDEDBDiis","Sali Juvenile Survival","Scenario 3","Refuge",0.55,0.63,0.7,0.9,"Round 2"
"127","96929","Sali Juvenile Survival","Scenario 1a","HMU",0.4,0.6,0.8,0.9,"Round 2"
"128","96929","Sali Juvenile Survival","Scenario 1b","HMU",0.2,0.35,0.5,0.9,"Round 2"
"129","96929","Sali Juvenile Survival","Scenario 1c","HMU",0.3,0.45,0.65,0.9,"Round 2"
"130","96929","Sali Juvenile Survival","Scenario 2a","HMU",0.35,0.5,0.7,0.9,"Round 2"
"131","96929","Sali Juvenile Survival","Scenario 2b","HMU",0.2,0.3,0.45,0.9,"Round 2"
"132","96929","Sali Juvenile Survival","Scenario 2c","HMU",0.25,0.35,0.5,0.9,"Round 2"
"133","96929","Sali Juvenile Survival","Scenario 3","HMU",0.4,0.6,0.8,0.9,"Round 2"
"134","96929","Sali Juvenile Survival","Scenario 1a","Refuge",0.4,0.6,0.8,0.9,"Round 2"
"135","96929","Sali Juvenile Survival","Scenario 1b","Refuge",0.2,0.35,0.5,0.9,"Round 2"
"136","96929","Sali Juvenile Survival","Scenario 1c","Refuge",0.3,0.45,0.65,0.9,"Round 2"
"137","96929","Sali Juvenile Survival","Scenario 2a","Refuge",0.35,0.5,0.7,0.9,"Round 2"
"138","96929","Sali Juvenile Survival","Scenario 2b","Refuge",0.2,0.3,0.45,0.9,"Round 2"
"139","96929","Sali Juvenile Survival","Scenario 2c","Refuge",0.25,0.35,0.5,0.9,"Round 2"
"140","96929","Sali Juvenile Survival","Scenario 3","Refuge",0.4,0.6,0.8,0.9,"Round 2"
"141","GuamX","Sali Fledgling Survival","Scenario 1a","HMU",0.2,0.4,0.45,0.9,"Round 2"
"142","GuamX","Sali Fledgling Survival","Scenario 1b","HMU",0.15,0.25,0.35,0.9,"Round 2"
"143","GuamX","Sali Fledgling Survival","Scenario 1c","HMU",0.15,0.3,0.35,0.9,"Round 2"
"144","GuamX","Sali Fledgling Survival","Scenario 2a","HMU",0.2,0.4,0.45,0.9,"Round 2"
"145","GuamX","Sali Fledgling Survival","Scenario 2b","HMU",0.15,0.25,0.35,0.9,"Round 2"
"146","GuamX","Sali Fledgling Survival","Scenario 2c","HMU",0.15,0.3,0.35,0.9,"Round 2"
"147","GuamX","Sali Fledgling Survival","Scenario 3","HMU",0.2,0.4,0.45,0.9,"Round 2"
"148","GuamX","Sali Fledgling Survival","Scenario 1a","Refuge",0.2,0.4,0.45,0.9,"Round 2"
"149","GuamX","Sali Fledgling Survival","Scenario 1b","Refuge",0.15,0.25,0.35,0.9,"Round 2"
"150","GuamX","Sali Fledgling Survival","Scenario 1c","Refuge",0.15,0.3,0.35,0.9,"Round 2"
"151","GuamX","Sali Fledgling Survival","Scenario 2a","Refuge",0.2,0.4,0.45,0.9,"Round 2"
"152","GuamX","Sali Fledgling Survival","Scenario 2b","Refuge",0.15,0.25,0.35,0.9,"Round 2"
"153","GuamX","Sali Fledgling Survival","Scenario 2c","Refuge",0.15,0.3,0.35,0.9,"Round 2"
"154","GuamX","Sali Fledgling Survival","Scenario 3","Refuge",0.2,0.4,0.45,0.9,"Round 2"
"155","Expert 1","Sali Fledgling Survival","Scenario 1a","HMU",0.15,0.3,0.5,0.8,"Round 2"
"156","Expert 1","Sali Fledgling Survival","Scenario 1b","HMU",0,0.15,0.3,0.8,"Round 2"
"157","Expert 1","Sali Fledgling Survival","Scenario 1c","HMU",0,0.2,0.35,0.8,"Round 2"
"158","Expert 1","Sali Fledgling Survival","Scenario 2a","HMU",0.1,0.25,0.45,0.8,"Round 2"
"159","Expert 1","Sali Fledgling Survival","Scenario 2b","HMU",0,0.1,0.25,0.8,"Round 2"
"160","Expert 1","Sali Fledgling Survival","Scenario 2c","HMU",0,0.12,0.28,0.8,"Round 2"
"161","Expert 1","Sali Fledgling Survival","Scenario 3","HMU",0.15,0.3,0.5,0.8,"Round 2"
"162","Expert 1","Sali Fledgling Survival","Scenario 1a","Refuge",0.15,0.3,0.5,0.9,"Round 2"
"163","Expert 1","Sali Fledgling Survival","Scenario 1b","Refuge",0,0.15,0.3,0.8,"Round 2"
"164","Expert 1","Sali Fledgling Survival","Scenario 1c","Refuge",0,0.2,0.35,0.8,"Round 2"
"165","Expert 1","Sali Fledgling Survival","Scenario 2a","Refuge",0.1,0.25,0.45,0.8,"Round 2"
"166","Expert 1","Sali Fledgling Survival","Scenario 2b","Refuge",0,0.1,0.25,0.8,"Round 2"
"167","Expert 1","Sali Fledgling Survival","Scenario 2c","Refuge",0,0.12,0.28,0.8,"Round 2"
"168","Expert 1","Sali Fledgling Survival","Scenario 3","Refuge",0.15,0.3,0.5,0.8,"Round 2"
"169","aircon","Sali Fledgling Survival","Scenario 1a","HMU",0.5,0.6,0.7,0.75,"Round 2"
"170","aircon","Sali Fledgling Survival","Scenario 1b","HMU",0.1,0.2,0.3,0.8,"Round 2"
"171","aircon","Sali Fledgling Survival","Scenario 1c","HMU",0.2,0.35,0.4,0.8,"Round 2"
"172","aircon","Sali Fledgling Survival","Scenario 2a","HMU",0.4,0.5,0.6,0.75,"Round 2"
"173","aircon","Sali Fledgling Survival","Scenario 2b","HMU",0,0.1,0.2,0.8,"Round 2"
"174","aircon","Sali Fledgling Survival","Scenario 2c","HMU",0.1,0.25,0.3,0.8,"Round 2"
"175","aircon","Sali Fledgling Survival","Scenario 3","HMU",0.5,0.6,0.7,0.75,"Round 2"
"176","aircon","Sali Fledgling Survival","Scenario 1a","Refuge",0.5,0.6,0.7,0.75,"Round 2"
"177","aircon","Sali Fledgling Survival","Scenario 1b","Refuge",0.1,0.2,0.3,0.8,"Round 2"
"178","aircon","Sali Fledgling Survival","Scenario 1c","Refuge",0.2,0.35,0.4,0.8,"Round 2"
"179","aircon","Sali Fledgling Survival","Scenario 2a","Refuge",0.4,0.5,0.6,0.75,"Round 2"
"180","aircon","Sali Fledgling Survival","Scenario 2b","Refuge",0,0.1,0.2,0.8,"Round 2"
"181","aircon","Sali Fledgling Survival","Scenario 2c","Refuge",0.1,0.25,0.3,0.8,"Round 2"
"182","aircon","Sali Fledgling Survival","Scenario 3","Refuge",0.5,0.6,0.7,0.75,"Round 2"
"183","CDEDBDiis","Sali Fledgling Survival","Scenario 1a","HMU",0.35,0.48,0.5,0.9,"Round 2"
"184","CDEDBDiis","Sali Fledgling Survival","Scenario 1b","HMU",0.2,0.38,0.45,0.9,"Round 2"
"185","CDEDBDiis","Sali Fledgling Survival","Scenario 1c","HMU",0.3,0.4,0.5,0.9,"Round 2"
"186","CDEDBDiis","Sali Fledgling Survival","Scenario 2a","HMU",0.35,0.44,0.5,0.9,"Round 2"
"187","CDEDBDiis","Sali Fledgling Survival","Scenario 2b","HMU",0.28,0.33,0.35,0.9,"Round 2"
"188","CDEDBDiis","Sali Fledgling Survival","Scenario 2c","HMU",0.3,0.35,0.4,0.9,"Round 2"
"189","CDEDBDiis","Sali Fledgling Survival","Scenario 3","HMU",0.35,0.46,0.5,0.9,"Round 2"
"190","CDEDBDiis","Sali Fledgling Survival","Scenario 1a","Refuge",0.35,0.48,0.5,0.9,"Round 2"
"191","CDEDBDiis","Sali Fledgling Survival","Scenario 1b","Refuge",0.2,0.38,0.45,0.9,"Round 2"
"192","CDEDBDiis","Sali Fledgling Survival","Scenario 1c","Refuge",0.3,0.4,0.5,0.9,"Round 2"
"193","CDEDBDiis","Sali Fledgling Survival","Scenario 2a","Refuge",0.35,0.44,0.5,0.9,"Round 2"
"194","CDEDBDiis","Sali Fledgling Survival","Scenario 2b","Refuge",0.28,0.33,0.35,0.9,"Round 2"
"195","CDEDBDiis","Sali Fledgling Survival","Scenario 2c","Refuge",0.3,0.35,0.4,0.9,"Round 2"
"196","CDEDBDiis","Sali Fledgling Survival","Scenario 3","Refuge",0.35,0.46,0.5,0.9,"Round 2"
"197","96929","Sali Fledgling Survival","Scenario 1a","HMU",0.35,0.45,0.54,0.9,"Round 2"
"198","96929","Sali Fledgling Survival","Scenario 1b","HMU",0.15,0.27,0.45,0.9,"Round 2"
"199","96929","Sali Fledgling Survival","Scenario 1c","HMU",0.2,0.36,0.495,0.9,"Round 2"
"200","96929","Sali Fledgling Survival","Scenario 2a","HMU",0.2,0.27,0.45,0.9,"Round 2"
"201","96929","Sali Fledgling Survival","Scenario 2b","HMU",0.1,0.18,0.36,0.9,"Round 2"
"202","96929","Sali Fledgling Survival","Scenario 2c","HMU",0.15,0.225,0.45,0.9,"Round 2"
"203","96929","Sali Fledgling Survival","Scenario 3","HMU",0.35,0.45,0.54,0.9,"Round 2"
"204","96929","Sali Fledgling Survival","Scenario 1a","Refuge",0.35,0.5,0.6,0.9,"Round 2"
"205","96929","Sali Fledgling Survival","Scenario 1b","Refuge",0.15,0.3,0.5,0.9,"Round 2"
"206","96929","Sali Fledgling Survival","Scenario 1c","Refuge",0.2,0.4,0.55,0.9,"Round 2"
"207","96929","Sali Fledgling Survival","Scenario 2a","Refuge",0.2,0.3,0.5,0.9,"Round 2"
"208","96929","Sali Fledgling Survival","Scenario 2b","Refuge",0.1,0.2,0.4,0.9,"Round 2"
"209","96929","Sali Fledgling Survival","Scenario 2c","Refuge",0.15,0.25,0.5,0.9,"Round 2"
"210","96929","Sali Fledgling Survival","Scenario 3","Refuge",0.35,0.5,0.6,0.9,"Round 2"
"211","GuamX","Sali Nest Success","Scenario 1a","HMU",0.55,0.75,0.9,0.95,"Round 2"
"212","GuamX","Sali Nest Success","Scenario 1b","HMU",0.5,0.55,0.85,0.95,"Round 2"
"213","GuamX","Sali Nest Success","Scenario 1c","HMU",0.55,0.672,0.9,0.95,"Round 2"
"214","GuamX","Sali Nest Success","Scenario 2a","HMU",0.55,0.75,0.9,0.95,"Round 2"
"215","GuamX","Sali Nest Success","Scenario 2b","HMU",0.5,0.55,0.85,0.95,"Round 2"
"216","GuamX","Sali Nest Success","Scenario 2c","HMU",0.55,0.672,0.9,0.95,"Round 2"
"217","GuamX","Sali Nest Success","Scenario 3","HMU",0.55,0.73,0.9,0.95,"Round 2"
"218","GuamX","Sali Nest Success","Scenario 1a","Refuge",0.55,0.75,0.9,0.95,"Round 2"
"219","GuamX","Sali Nest Success","Scenario 1b","Refuge",0.5,0.55,0.85,0.95,"Round 2"
"220","GuamX","Sali Nest Success","Scenario 1c","Refuge",0.55,0.672,0.9,0.95,"Round 2"
"221","GuamX","Sali Nest Success","Scenario 2a","Refuge",0.55,0.75,0.9,0.95,"Round 2"
"222","GuamX","Sali Nest Success","Scenario 2b","Refuge",0.5,0.55,0.85,0.95,"Round 2"
"223","GuamX","Sali Nest Success","Scenario 2c","Refuge",0.55,0.672,0.9,0.95,"Round 2"
"224","GuamX","Sali Nest Success","Scenario 3","Refuge",0.55,0.73,0.9,0.95,"Round 2"
"225","Expert 1","Sali Nest Success","Scenario 1a","HMU",0.5,0.7,0.9,0.8,"Round 2"
"226","Expert 1","Sali Nest Success","Scenario 1b","HMU",0.5,0.7,0.9,0.8,"Round 2"
"227","Expert 1","Sali Nest Success","Scenario 1c","HMU",0.5,0.7,0.9,0.8,"Round 2"
"228","Expert 1","Sali Nest Success","Scenario 2a","HMU",0.5,0.7,0.9,0.8,"Round 2"
"229","Expert 1","Sali Nest Success","Scenario 2b","HMU",0.5,0.7,0.9,0.8,"Round 2"
"230","Expert 1","Sali Nest Success","Scenario 2c","HMU",0.5,0.7,0.9,0.8,"Round 2"
"231","Expert 1","Sali Nest Success","Scenario 3","HMU",0.5,0.65,0.9,0.8,"Round 2"
"232","Expert 1","Sali Nest Success","Scenario 1a","Refuge",0.5,0.8,0.9,0.8,"Round 2"
"233","Expert 1","Sali Nest Success","Scenario 1b","Refuge",0.5,0.8,0.9,0.8,"Round 2"
"234","Expert 1","Sali Nest Success","Scenario 1c","Refuge",0.5,0.8,0.9,0.8,"Round 2"
"235","Expert 1","Sali Nest Success","Scenario 2a","Refuge",0.5,0.8,0.9,0.8,"Round 2"
"236","Expert 1","Sali Nest Success","Scenario 2b","Refuge",0.5,0.8,0.9,0.8,"Round 2"
"237","Expert 1","Sali Nest Success","Scenario 2c","Refuge",0.5,0.8,0.9,0.8,"Round 2"
"238","Expert 1","Sali Nest Success","Scenario 3","Refuge",0.5,0.8,0.9,0.8,"Round 2"
"239","aircon","Sali Nest Success","Scenario 1a","HMU",0.45,0.6,0.7,0.9,"Round 2"
"240","aircon","Sali Nest Success","Scenario 1b","HMU",0.45,0.6,0.7,0.9,"Round 2"
"241","aircon","Sali Nest Success","Scenario 1c","HMU",0.45,0.6,0.7,0.9,"Round 2"
"242","aircon","Sali Nest Success","Scenario 2a","HMU",0.45,0.6,0.7,0.9,"Round 2"
"243","aircon","Sali Nest Success","Scenario 2b","HMU",0.45,0.6,0.7,0.9,"Round 2"
"244","aircon","Sali Nest Success","Scenario 2c","HMU",0.45,0.6,0.7,0.9,"Round 2"
"245","aircon","Sali Nest Success","Scenario 3","HMU",0.45,0.6,0.7,0.9,"Round 2"
"246","aircon","Sali Nest Success","Scenario 1a","Refuge",0.45,0.6,0.7,0.9,"Round 2"
"247","aircon","Sali Nest Success","Scenario 1b","Refuge",0.45,0.6,0.7,0.9,"Round 2"
"248","aircon","Sali Nest Success","Scenario 1c","Refuge",0.45,0.6,0.7,0.9,"Round 2"
"249","aircon","Sali Nest Success","Scenario 2a","Refuge",0.45,0.6,0.7,0.9,"Round 2"
"250","aircon","Sali Nest Success","Scenario 2b","Refuge",0.45,0.6,0.7,0.9,"Round 2"
"251","aircon","Sali Nest Success","Scenario 2c","Refuge",0.45,0.6,0.7,0.9,"Round 2"
"252","aircon","Sali Nest Success","Scenario 3","Refuge",0.45,0.6,0.7,0.9,"Round 2"
"253","CDEDBDiis","Sali Nest Success","Scenario 1a","HMU",0.48,0.6,0.65,0.9,"Round 2"
"254","CDEDBDiis","Sali Nest Success","Scenario 1b","HMU",0.4,0.5,0.6,0.9,"Round 2"
"255","CDEDBDiis","Sali Nest Success","Scenario 1c","HMU",0.45,0.56,0.61,0.9,"Round 2"
"256","CDEDBDiis","Sali Nest Success","Scenario 2a","HMU",0.48,0.58,0.63,0.9,"Round 2"
"257","CDEDBDiis","Sali Nest Success","Scenario 2b","HMU",0.39,0.46,0.61,0.9,"Round 2"
"258","CDEDBDiis","Sali Nest Success","Scenario 2c","HMU",0.4,0.48,0.61,0.9,"Round 2"
"259","CDEDBDiis","Sali Nest Success","Scenario 3","HMU",0.48,0.58,0.63,0.9,"Round 2"
"260","CDEDBDiis","Sali Nest Success","Scenario 1a","Refuge",0.48,0.6,0.65,0.9,"Round 2"
"261","CDEDBDiis","Sali Nest Success","Scenario 1b","Refuge",0.4,0.5,0.6,0.9,"Round 2"
"262","CDEDBDiis","Sali Nest Success","Scenario 1c","Refuge",0.45,0.56,0.61,0.9,"Round 2"
"263","CDEDBDiis","Sali Nest Success","Scenario 2a","Refuge",0.48,0.58,0.63,0.9,"Round 2"
"264","CDEDBDiis","Sali Nest Success","Scenario 2b","Refuge",0.45,0.55,0.61,0.9,"Round 2"
"265","CDEDBDiis","Sali Nest Success","Scenario 2c","Refuge",0.45,0.55,0.61,0.9,"Round 2"
"266","CDEDBDiis","Sali Nest Success","Scenario 3","Refuge",0.48,0.58,0.63,0.9,"Round 2"
"267","96929","Sali Nest Success","Scenario 1a","HMU",0.45,0.65,0.7,0.9,"Round 2"
"268","96929","Sali Nest Success","Scenario 1b","HMU",0.35,0.55,0.65,0.9,"Round 2"
"269","96929","Sali Nest Success","Scenario 1c","HMU",0.4,0.6,0.675,0.9,"Round 2"
"270","96929","Sali Nest Success","Scenario 2a","HMU",0.35,0.55,0.65,0.9,"Round 2"
"271","96929","Sali Nest Success","Scenario 2b","HMU",0.3,0.45,0.6,0.9,"Round 2"
"272","96929","Sali Nest Success","Scenario 2c","HMU",0.325,0.5,0.625,0.9,"Round 2"
"273","96929","Sali Nest Success","Scenario 3","HMU",0.45,0.65,0.7,0.9,"Round 2"
"274","96929","Sali Nest Success","Scenario 1a","Refuge",0.45,0.65,0.7,0.9,"Round 2"
"275","96929","Sali Nest Success","Scenario 1b","Refuge",0.35,0.55,0.65,0.9,"Round 2"
"276","96929","Sali Nest Success","Scenario 1c","Refuge",0.4,0.6,0.675,0.9,"Round 2"
"277","96929","Sali Nest Success","Scenario 2a","Refuge",0.35,0.55,0.65,0.9,"Round 2"
"278","96929","Sali Nest Success","Scenario 2b","Refuge",0.3,0.45,0.6,0.9,"Round 2"
"279","96929","Sali Nest Success","Scenario 2c","Refuge",0.325,0.5,0.625,0.9,"Round 2"
"280","96929","Sali Nest Success","Scenario 3","Refuge",0.45,0.65,0.7,0.9,"Round 2"
"281","GuamX","Sali Nest Attempts","Scenario 1a","HMU",1,2,4,0.9,"Round 2"
"282","GuamX","Sali Nest Attempts","Scenario 1b","HMU",1,6,10,0.9,"Round 2"
"283","GuamX","Sali Nest Attempts","Scenario 1c","HMU",1,3,5,0.9,"Round 2"
"284","GuamX","Sali Nest Attempts","Scenario 2a","HMU",1,2,4,0.9,"Round 2"
"285","GuamX","Sali Nest Attempts","Scenario 2b","HMU",1,6,10,0.9,"Round 2"
"286","GuamX","Sali Nest Attempts","Scenario 2c","HMU",1,3,5,0.9,"Round 2"
"287","GuamX","Sali Nest Attempts","Scenario 3","HMU",1,2,5,0.9,"Round 2"
"288","GuamX","Sali Nest Attempts","Scenario 1a","Refuge",1,2,4,0.9,"Round 2"
"289","GuamX","Sali Nest Attempts","Scenario 1b","Refuge",1,6,10,0.9,"Round 2"
"290","GuamX","Sali Nest Attempts","Scenario 1c","Refuge",1,3,5,0.9,"Round 2"
"291","GuamX","Sali Nest Attempts","Scenario 2a","Refuge",1,2,4,0.9,"Round 2"
"292","GuamX","Sali Nest Attempts","Scenario 2b","Refuge",1,6,10,0.9,"Round 2"
"293","GuamX","Sali Nest Attempts","Scenario 2c","Refuge",1,3,5,0.9,"Round 2"
"294","GuamX","Sali Nest Attempts","Scenario 3","Refuge",1,2,5,0.9,"Round 2"
"295","Expert 1","Sali Nest Attempts","Scenario 1a","HMU",2,3,6,0.8,"Round 2"
"296","Expert 1","Sali Nest Attempts","Scenario 1b","HMU",2,5,6,0.8,"Round 2"
"297","Expert 1","Sali Nest Attempts","Scenario 1c","HMU",2,5,6,0.8,"Round 2"
"298","Expert 1","Sali Nest Attempts","Scenario 2a","HMU",2,4,6,0.8,"Round 2"
"299","Expert 1","Sali Nest Attempts","Scenario 2b","HMU",2,5,6,0.8,"Round 2"
"300","Expert 1","Sali Nest Attempts","Scenario 2c","HMU",2,5,6,0.8,"Round 2"
"301","Expert 1","Sali Nest Attempts","Scenario 3","HMU",2,2.5,6,0.8,"Round 2"
"302","Expert 1","Sali Nest Attempts","Scenario 1a","Refuge",2,3,6,0.8,"Round 2"
"303","Expert 1","Sali Nest Attempts","Scenario 1b","Refuge",2,5,6,0.8,"Round 2"
"304","Expert 1","Sali Nest Attempts","Scenario 1c","Refuge",2,5,6,0.8,"Round 2"
"305","Expert 1","Sali Nest Attempts","Scenario 2a","Refuge",2,4,6,0.8,"Round 2"
"306","Expert 1","Sali Nest Attempts","Scenario 2b","Refuge",2,5,6,0.8,"Round 2"
"307","Expert 1","Sali Nest Attempts","Scenario 2c","Refuge",2,5,6,0.8,"Round 2"
"308","Expert 1","Sali Nest Attempts","Scenario 3","Refuge",2,2.5,6,0.8,"Round 2"
"309","aircon","Sali Nest Attempts","Scenario 1a","HMU",3,4,5,0.8,"Round 2"
"310","aircon","Sali Nest Attempts","Scenario 1b","HMU",4,5,6,0.8,"Round 2"
"311","aircon","Sali Nest Attempts","Scenario 1c","HMU",3.5,4.5,5.5,0.8,"Round 2"
"312","aircon","Sali Nest Attempts","Scenario 2a","HMU",3.5,4.5,5.5,0.8,"Round 2"
"313","aircon","Sali Nest Attempts","Scenario 2b","HMU",4.5,5.5,6.5,0.8,"Round 2"
"314","aircon","Sali Nest Attempts","Scenario 2c","HMU",4,5,6,0.8,"Round 2"
"315","aircon","Sali Nest Attempts","Scenario 3","HMU",3,4,5,0.8,"Round 2"
"316","aircon","Sali Nest Attempts","Scenario 1a","Refuge",3,4,5,0.8,"Round 2"
"317","aircon","Sali Nest Attempts","Scenario 1b","Refuge",4,5,6,0.8,"Round 2"
"318","aircon","Sali Nest Attempts","Scenario 1c","Refuge",3.5,4.5,5.5,0.8,"Round 2"
"319","aircon","Sali Nest Attempts","Scenario 2a","Refuge",3.5,4.5,5.5,0.8,"Round 2"
"320","aircon","Sali Nest Attempts","Scenario 2b","Refuge",4.5,5.5,6.5,0.8,"Round 2"
"321","aircon","Sali Nest Attempts","Scenario 2c","Refuge",4,5,6,0.8,"Round 2"
"322","aircon","Sali Nest Attempts","Scenario 3","Refuge",3,4,5,0.8,"Round 2"
"323","CDEDBDiis","Sali Nest Attempts","Scenario 1a","HMU",1.1,1.8,2.2,0.9,"Round 2"
"324","CDEDBDiis","Sali Nest Attempts","Scenario 1b","HMU",1.1,1.8,2.2,0.9,"Round 2"
"325","CDEDBDiis","Sali Nest Attempts","Scenario 1c","HMU",1.1,1.8,2.2,0.9,"Round 2"
"326","CDEDBDiis","Sali Nest Attempts","Scenario 2a","HMU",1.1,1.8,2.2,0.9,"Round 2"
"327","CDEDBDiis","Sali Nest Attempts","Scenario 2b","HMU",1.1,1.8,2.2,0.9,"Round 2"
"328","CDEDBDiis","Sali Nest Attempts","Scenario 2c","HMU",1.1,1.8,2.2,0.9,"Round 2"
"329","CDEDBDiis","Sali Nest Attempts","Scenario 3","HMU",1.1,1.8,2.2,0.9,"Round 2"
"330","CDEDBDiis","Sali Nest Attempts","Scenario 1a","Refuge",1.1,1.8,2.2,0.9,"Round 2"
"331","CDEDBDiis","Sali Nest Attempts","Scenario 1b","Refuge",1.1,1.8,2.2,0.9,"Round 2"
"332","CDEDBDiis","Sali Nest Attempts","Scenario 1c","Refuge",1.1,1.8,2.2,0.9,"Round 2"
"333","CDEDBDiis","Sali Nest Attempts","Scenario 2a","Refuge",1.1,1.8,2.2,0.9,"Round 2"
"334","CDEDBDiis","Sali Nest Attempts","Scenario 2b","Refuge",1.1,1.8,2.2,0.9,"Round 2"
"335","CDEDBDiis","Sali Nest Attempts","Scenario 2c","Refuge",1.1,1.8,2.2,0.9,"Round 2"
"336","CDEDBDiis","Sali Nest Attempts","Scenario 3","Refuge",1.1,1.8,2.2,0.9,"Round 2"
"337","96929","Sali Nest Attempts","Scenario 1a","HMU",3,4,5,0.9,"Round 2"
"338","96929","Sali Nest Attempts","Scenario 1b","HMU",3,4,5,0.9,"Round 2"
"339","96929","Sali Nest Attempts","Scenario 1c","HMU",3,4,5,0.9,"Round 2"
"340","96929","Sali Nest Attempts","Scenario 2a","HMU",3.5,4.5,5.5,0.9,"Round 2"
"341","96929","Sali Nest Attempts","Scenario 2b","HMU",3.3,4.3,5.3,0.9,"Round 2"
"342","96929","Sali Nest Attempts","Scenario 2c","HMU",3.4,4.4,4.4,0.9,"Round 2"
"343","96929","Sali Nest Attempts","Scenario 3","HMU",3,4,5,0.9,"Round 2"
"344","96929","Sali Nest Attempts","Scenario 1a","Refuge",3,4,5,0.9,"Round 2"
"345","96929","Sali Nest Attempts","Scenario 1b","Refuge",3,4,5,0.9,"Round 2"
"346","96929","Sali Nest Attempts","Scenario 1c","Refuge",3,4,5,0.9,"Round 2"
"347","96929","Sali Nest Attempts","Scenario 2a","Refuge",3.5,4.5,5.5,0.9,"Round 2"
"348","96929","Sali Nest Attempts","Scenario 2b","Refuge",3.3,4.3,5.3,0.9,"Round 2"
"349","96929","Sali Nest Attempts","Scenario 2c","Refuge",3.4,4.4,4.4,0.9,"Round 2"
"350","96929","Sali Nest Attempts","Scenario 3","Refuge",3,4,5,0.9,"Round 2"
"351","GuamX","Sali Fledglings per Nest","Scenario 1a","HMU",1.8,2,1.96,0.95,"Round 2"
"352","GuamX","Sali Fledglings per Nest","Scenario 1b","HMU",1.3,1.6,1.88,0.9,"Round 2"
"353","GuamX","Sali Fledglings per Nest","Scenario 1c","HMU",1.8,1.88,1.96,0.95,"Round 2"
"354","GuamX","Sali Fledglings per Nest","Scenario 2a","HMU",1.8,2,1.96,0.95,"Round 2"
"355","GuamX","Sali Fledglings per Nest","Scenario 2b","HMU",1.3,1.6,1.88,0.9,"Round 2"
"356","GuamX","Sali Fledglings per Nest","Scenario 2c","HMU",1.75,1.8,1.96,0.9,"Round 2"
"357","GuamX","Sali Fledglings per Nest","Scenario 3","HMU",1.75,1.8,1.96,0.9,"Round 2"
"358","GuamX","Sali Fledglings per Nest","Scenario 1a","Refuge",1.8,2,1.96,0.95,"Round 2"
"359","GuamX","Sali Fledglings per Nest","Scenario 1b","Refuge",1.3,1.6,1.88,0.9,"Round 2"
"360","GuamX","Sali Fledglings per Nest","Scenario 1c","Refuge",1.8,1.88,1.96,0.95,"Round 2"
"361","GuamX","Sali Fledglings per Nest","Scenario 2a","Refuge",1.8,2,1.96,0.95,"Round 2"
"362","GuamX","Sali Fledglings per Nest","Scenario 2b","Refuge",1.3,1.6,1.88,0.9,"Round 2"
"363","GuamX","Sali Fledglings per Nest","Scenario 2c","Refuge",1.75,1.8,1.96,0.9,"Round 2"
"364","GuamX","Sali Fledglings per Nest","Scenario 3","Refuge",1.75,1.8,1.96,0.9,"Round 2"
"365","Expert 1","Sali Fledglings per Nest","Scenario 1a","HMU",0.4,1.4,2.2,0.8,"Round 2"
"366","Expert 1","Sali Fledglings per Nest","Scenario 1b","HMU",0.4,1.4,2.2,0.8,"Round 2"
"367","Expert 1","Sali Fledglings per Nest","Scenario 1c","HMU",0.4,1.4,2.2,0.8,"Round 2"
"368","Expert 1","Sali Fledglings per Nest","Scenario 2a","HMU",0.4,1.4,2.2,0.8,"Round 2"
"369","Expert 1","Sali Fledglings per Nest","Scenario 2b","HMU",0.4,1.4,2.2,0.8,"Round 2"
"370","Expert 1","Sali Fledglings per Nest","Scenario 2c","HMU",0.4,1.4,2.2,0.8,"Round 2"
"371","Expert 1","Sali Fledglings per Nest","Scenario 3","HMU",0.2,1.2,2.1,0.8,"Round 2"
"372","Expert 1","Sali Fledglings per Nest","Scenario 1a","Refuge",0.5,1.5,2.4,0.8,"Round 2"
"373","Expert 1","Sali Fledglings per Nest","Scenario 1b","Refuge",0.5,1.5,2.4,0.8,"Round 2"
"374","Expert 1","Sali Fledglings per Nest","Scenario 1c","Refuge",0.5,1.5,2.4,0.8,"Round 2"
"375","Expert 1","Sali Fledglings per Nest","Scenario 2a","Refuge",0.5,1.5,2.4,0.8,"Round 2"
"376","Expert 1","Sali Fledglings per Nest","Scenario 2b","Refuge",0.5,1.5,2.4,0.8,"Round 2"
"377","Expert 1","Sali Fledglings per Nest","Scenario 2c","Refuge",0.5,1.5,2.4,0.8,"Round 2"
"378","Expert 1","Sali Fledglings per Nest","Scenario 3","Refuge",0.3,1.4,2.2,0.8,"Round 2"
"379","aircon","Sali Fledglings per Nest","Scenario 1a","HMU",0.8,1.2,1.6,0.8,"Round 2"
"380","aircon","Sali Fledglings per Nest","Scenario 1b","HMU",0.6,1,1.4,0.8,"Round 2"
"381","aircon","Sali Fledglings per Nest","Scenario 1c","HMU",0.7,1.1,1.5,0.8,"Round 2"
"382","aircon","Sali Fledglings per Nest","Scenario 2a","HMU",0.7,1.1,1.5,0.8,"Round 2"
"383","aircon","Sali Fledglings per Nest","Scenario 2b","HMU",0.5,0.9,1.3,0.8,"Round 2"
"384","aircon","Sali Fledglings per Nest","Scenario 2c","HMU",0.6,1,1.4,0.8,"Round 2"
"385","aircon","Sali Fledglings per Nest","Scenario 3","HMU",0.8,1.2,1.6,0.8,"Round 2"
"386","aircon","Sali Fledglings per Nest","Scenario 1a","Refuge",0.8,1.2,1.6,0.8,"Round 2"
"387","aircon","Sali Fledglings per Nest","Scenario 1b","Refuge",0.6,1,1.4,0.8,"Round 2"
"388","aircon","Sali Fledglings per Nest","Scenario 1c","Refuge",0.7,1.1,1.5,0.8,"Round 2"
"389","aircon","Sali Fledglings per Nest","Scenario 2a","Refuge",0.7,1.1,1.5,0.8,"Round 2"
"390","aircon","Sali Fledglings per Nest","Scenario 2b","Refuge",0.5,0.9,1.3,0.8,"Round 2"
"391","aircon","Sali Fledglings per Nest","Scenario 2c","Refuge",0.6,1,1.4,0.8,"Round 2"
"392","aircon","Sali Fledglings per Nest","Scenario 3","Refuge",0.8,1.2,1.6,0.8,"Round 2"
"393","CDEDBDiis","Sali Fledglings per Nest","Scenario 1a","HMU",1.65,2.15,2.3,0.9,"Round 2"
"394","CDEDBDiis","Sali Fledglings per Nest","Scenario 1b","HMU",1.5,1.77,1.95,0.9,"Round 2"
"395","CDEDBDiis","Sali Fledglings per Nest","Scenario 1c","HMU",1.6,1.82,2.05,0.9,"Round 2"
"396","CDEDBDiis","Sali Fledglings per Nest","Scenario 2a","HMU",1.65,1.9,2.05,0.9,"Round 2"
"397","CDEDBDiis","Sali Fledglings per Nest","Scenario 2b","HMU",1.6,1.72,1.95,0.9,"Round 2"
"398","CDEDBDiis","Sali Fledglings per Nest","Scenario 2c","HMU",1.6,1.75,2,0.9,"Round 2"
"399","CDEDBDiis","Sali Fledglings per Nest","Scenario 3","HMU",1.65,1.95,2.15,0.9,"Round 2"
"400","CDEDBDiis","Sali Fledglings per Nest","Scenario 1a","Refuge",1.65,2.15,2.3,0.9,"Round 2"
"401","CDEDBDiis","Sali Fledglings per Nest","Scenario 1b","Refuge",1.5,1.77,1.95,0.9,"Round 2"
"402","CDEDBDiis","Sali Fledglings per Nest","Scenario 1c","Refuge",1.6,1.82,2.05,0.9,"Round 2"
"403","CDEDBDiis","Sali Fledglings per Nest","Scenario 2a","Refuge",1.65,1.9,2.05,0.9,"Round 2"
"404","CDEDBDiis","Sali Fledglings per Nest","Scenario 2b","Refuge",1.6,1.72,1.95,0.9,"Round 2"
"405","CDEDBDiis","Sali Fledglings per Nest","Scenario 2c","Refuge",1.6,1.75,2,0.9,"Round 2"
"406","CDEDBDiis","Sali Fledglings per Nest","Scenario 3","Refuge",1.65,1.95,2.15,0.9,"Round 2"
"407","96929","Sali Fledglings per Nest","Scenario 1a","HMU",1.12,1.4,1.68,0.9,"Round 2"
"408","96929","Sali Fledglings per Nest","Scenario 1b","HMU",1.04,1.3,1.56,0.9,"Round 2"
"409","96929","Sali Fledglings per Nest","Scenario 1c","HMU",0.96,1.2,1.44,0.9,"Round 2"
"410","96929","Sali Fledglings per Nest","Scenario 2a","HMU",1.04,1.3,1.56,0.9,"Round 2"
"411","96929","Sali Fledglings per Nest","Scenario 2b","HMU",0.92,1.15,1.38,0.9,"Round 2"
"412","96929","Sali Fledglings per Nest","Scenario 2c","HMU",0.96,1.2,1.44,0.9,"Round 2"
"413","96929","Sali Fledglings per Nest","Scenario 3","HMU",1.12,1.4,1.68,0.9,"Round 2"
"414","96929","Sali Fledglings per Nest","Scenario 1a","Refuge",1.1424,1.428,1.7136,0.9,"Round 2"
"415","96929","Sali Fledglings per Nest","Scenario 1b","Refuge",1.0608,1.326,1.5912,0.9,"Round 2"
"416","96929","Sali Fledglings per Nest","Scenario 1c","Refuge",0.9792,1.224,1.4688,0.9,"Round 2"
"417","96929","Sali Fledglings per Nest","Scenario 2a","Refuge",1.0608,1.326,1.5912,0.9,"Round 2"
"418","96929","Sali Fledglings per Nest","Scenario 2b","Refuge",0.9384,1.173,1.4076,0.9,"Round 2"
"419","96929","Sali Fledglings per Nest","Scenario 2c","Refuge",0.9792,1.224,1.4688,0.9,"Round 2"
"420","96929","Sali Fledglings per Nest","Scenario 3","Refuge",1.1424,1.428,1.7136,0.9,"Round 2"
